1,Harry`s American Sandwich
2,Литовский Хлеб
3,Mission
6,Delicados
11,Аксай нан
14,Алтын
25,Honmil
32,Верный
35,Rice Spoon
45,Vitalnan
46,VegApple
51,Rest&Cook
53,Amal Bio
55,Шадринское
56,Простоквашино
57,Петропавловское
59,Тестовъ
60,Горячая Штучка
63,Асан
64,Makfa
66,Bravolli
67,Султан
69,Bio Club
71,Nestle
72,Частная Галерея
73,Konti
75,Победа
77,Сладуница
85,Неженка
86,Рот Фронт
87,Красный Октябрь
88,Чудо Ягода
89,Москвичка
91,Mamba
92,Mars
93,Milky way
94,Bounty
95,Twix
97,АКФ
101,Snickers
102,Fruit-Tella
103,Meller
107,Bulgari Agostino
109,Mentos
110,Sula
117,Raffaello
118,Bon Pari
120,Schogetten
121,Milka
123,Бабаевские
124,Alpen Gold
131,Roshen
133,Рахат
143,Ritter Sport
146,Nesquik
147,KitKat
149,Loacker
168,Nuts
172,Pocky
173,Pratobelli
175,Lotte
179,Magic Grain
181,Mulino Bianco
185,Matilde Vicenzi
188,Wagon Wheels
189,Diablo
192,Конфеты-бараночки
209,Halley
210,Vicenzi
213,Pavesi
239,Polezzno
247,Дихан
253,Golden Nuts
254,Peyman
270,Цесна
271,Pasta La Bella
282,Lebonta del Casale
283,Смешарики
285,Gallina Blanca
290,Увелка
295,Granmulino
305,Кэмми
308,Семейные Закрома
312,Царь
313,Гудвилл
316,Olevi
317,Берестов
323,Good Traditions
326,Потапыч
328,Sun-Bee Altai
330,Sun-Bee Altai 
331,Астык
334,Воложка
344,Добрая Крупа
347,ВиП
352,Мистраль
354,Salus
355,Натуральная кухня
371,Ярмарка
372,Эндакси
377,Апивита
378,Кызылмай
381,Здороведа
383,Лесные Угодья
389,Yameee
390,Vasilissa
391,Bee Bros
405,SuperBee
413,Le Bonta
419,Лучшие рецепты
420,Lorado
426,Мастер Кан
427,Marinelle
430,Globus
433,Bonduelle
440,Меленъ
449,Heinz
450,Луговица
454,Veres
458,Главпродукт
460,Дядя Ваня
464,Брест-Литовск
465,Сайрам Сут
466,Мелодия Вкуса
472,БМК
475,Pinar
476,Parmareggio
477,Диканька
478,Сыролюб
480,Kalleh
481,Шостка
486,Сыр Мастер
489,President
496,Ламбер
499,Kourellas
506,Добряна
507,Вимм-Билль-Данн
508,Brie 
511,Аритал
523,Гарнец
525,Эстетика Вкуса
531,Haas
533,Образ Жизни Алтая
537,Корона
543,Сәлем
549,Dani Нан
551,Добрая
560,Koketai
565,Арафат
572,Мираторг
582,Rayat
584,Hortex
590,Vici
593,Diamant
596,Алтын Сапа
608,Ал Халал
610,YET!
611,Ет Байрам
613,Еткон
614,Алимпиев
615,DAS
616,Риха
618,Бижан
619,СПК
625,От Фермера
633,Знаменский
635,Папа может
638,Останкино
639,Черкизово
640,Инко-Фуд
642,Стародворье
645,Первомайские Деликатесы
658,Разия
659,JLC
662,Бурненское
669,КХ Вак
672,Айналайын
675,Danone
677,Actimel
681,Масло Дел
682,Казгер-Кус
684,Amiran
699,Lactel
701,Nac Agro
702,Midori
703,Чумак
706,AMIRAN
708,Monggo foods Inc
709,NAC Agro
713,Умут
742,Green Eco
745,Mr.Green
746,Mrs.Green
749,GoGreen
758,Чим-Чим
762,Sen Soy Premium
763,Чим Чим
765,Aroy-D
767,Mai Xiang Cun
768,Wheat Village
770,Sanbonsai
780,Mayumi
790,Real Thai
792,I Love Asia
799,Edgarfood
800,Asia Fest
804,Mrs. Green
815,Asian Fusion
852,Дзержинка
854,Family Cook
855,Aiser
860,Фермерский Дворик
861,Алель
877,Boszhan
887,Кус Вкус
889,UKPF
891,Дамдi Ет
900,Adal Et
903,KazMyaso
908,AC
912,Рыбпром
913,Agama
915,Kingfisher
928,Vzmorie
931,IceFish
942,Polar
947,Семь Морей
950,4 Tuna
1007,Lays
1010,Don Simon
1012,Janarat
1015,Домашняя Кухня
1016,4Life
1018,Махеев
1021,Zolotoy Slon
1022,Papa Vegan
1023,Maggi
1024,Filippo Berio
1025,Barbera
1028,Принцесса Нури
1035,Букеты Иссык-Куля
1036,De Nigris
1037,Mautner Markhof
1039,Кинто
1040,Мирный
1045,Ottogi
1048,Davidoff
1053,Jacobs Monarch
1055,Agrilife
1062,Today
1064,MacTea
1065,Pablo
1069,Parliament
1072,Nescafe
1076,Bushido
1079,Jardin
1083,Fresco
1085,Platinum
1092,Moccona
1094,Italica
1102,Gaea
1107,Carandini
1110,Leonardi
1119,Andrea Milano
1121,Giuseppe Giusti
1126,Villa Vittori
1141,Organic Tea
1152,Пиала
1156,Чайный Двор
1159,Lancaster
1162,Indian Splendor
1177,Маслозавод №1
1180,Олейна
1185,Greenfield
1186,Золотая Семечка
1187,Золотая семечка
1188,Аннинское
1190,Забота
1193,Слобода
1194,Virgin Organic Oil
1195,Ideal
1203,Злато
1205,Здоровое меню
1206,Altaria
1207,Oleos
1210,Люблю и Готовлю
1212,Sunny Gold
1213,Сто Рецептов
1214,Алтайский Эталон
1219,Жайлау
1230,Vegeta
1231,Kotanyi
1232,Шедевр
1245,Едим Дома
1252,Waime
1280,Milford
1285,Золотой тростник
1286,Трапеза
1288,Integrita
1292,Oregani
1301,GOLDEN CUPE
1302,Crystal
1307,Рахмет
1313,Barline
1314,Сахараджа
1319,ShopRite
1323,Hershey’s
1325,Папричи
1332,AXA
1335,Axa
1336,Hola! Granola
1339,Ол Лайт
1342,Bionova
1347,АХА
1350,Ты Моя Гранола
1353,Грануля
1355,Sante
1365,Пропорция
1369,Фруктовая Энергия
1373,Хрутка
1376,Быстров
1382,Махеевъ
1386,Астория
1391,Махеевъ 
1398,Develey
1401,3 Желания
1407,Ряба
1408,Calve
1424,Mr.Ricco
1426,Righetti Alimentare
1432,Like a Chef
1433,Barilla
1441,Костровок
1443,Sacla
1445,Crown
1450,Hy-top
1463,Эко7продукт
1464,Zero
1466,Бояринъ
1472,Гурмикс
1476,Astoria
1478,Yelli
1479,Podravka
1486,Riso Gallo
1491,Доширак
1496,Приправыч
1497,Оргтиум
1503,Роллтон
1509,БигЛанч
1512,Pandabox
1513,Сим Сим
1515,Добрая Порция
1518,Samyang
1531,San Carlo
1545,Doritos
1548,Amica Chips Eldorado
1553,San Carlo Piu Gusto
1555,Fry's
1559,Amica Chips
1564,Santa Maria
1571,Полезные продукты
